class_name,precision,recall,f1,support
STANDING,0.3114909781576448,0.8913043478260869,0.4616467276565799,368
SITTING,0.018072289156626505,0.011583011583011582,0.01411764705882353,259
LYING,0.8095238095238095,0.10365853658536585,0.1837837837837838,328
FALLING,0.13747228381374724,0.18128654970760233,0.15636822194199243,342
WALKING,0.125,0.04482225656877898,0.06598407281001138,647
