epoch,train_loss,val_loss,train_accuracy,val_accuracy,val_macro_f1,val_weighted_f1,learning_rate,batches,epoch_seconds,train_seconds,train_eval_seconds,val_seconds,batches_per_second,samples_per_second
1,1.7688456323358641,1.7482720588950953,64.60000000000001,21.707818930041153,0.13829087561606485,0.13274870113813406,0.0001,30,3.7865735999075696,3.4723238999722525,0.28999520000070333,0.024196599959395826,8.639747000629674,2155.6168766571036
2,1.7338454589098393,1.7842209888583838,nan,21.656378600823047,0.14491811345720593,0.1415468843830614,0.0001,30,0.2167024000082165,0.19412260001990944,0.0,0.02239490009378642,154.54151137952596,38558.107089191726
3,1.7245934395767804,1.7688779467908444,nan,22.22222222222222,0.1527505687003767,0.14740189847559773,0.0001,30,0.22628960001748055,0.2032406999496743,0.0,0.023005999973975122,147.60823008102454,36828.253405215626
4,1.703824437739615,1.7568264929845991,nan,22.42798353909465,0.1603879543407881,0.1552721507697742,0.0001,30,0.20185549999587238,0.1800592999206856,0.0,0.021753999986685812,166.61177741563316,41569.63846520047
5,1.6785701411202023,1.736075037300832,70.1,23.456790123456788,0.17638009065023819,0.16974957533908255,0.0001,30,0.22557180002331734,0.17917419993318617,0.024358300026506186,0.021998299984261394,167.434820477429,41774.98770911854
