class_name,precision,recall,f1,support
STANDING,0.6586021505376344,0.9236569274269557,0.7689289917614751,1061
SITTING,0.3203463203463203,0.1559536354056902,0.20978029766123316,949
LYING,0.8533007334963325,0.5402476780185759,0.6616113744075829,646
FALLING,0.3076923076923077,0.588957055214724,0.40421052631578946,652
WALKING,0.32340425531914896,0.14232209737827714,0.1976592977893368,534
