epoch,train_loss,val_loss,train_accuracy,val_accuracy,val_macro_f1,val_weighted_f1,learning_rate,batches
1,1.6558003784971675,1.6130999313674204,29.86007159127888,29.073399271212907,0.21646149285398195,0.24738549773136448,0.0001,241
2,1.5250591666078552,1.530499503365536,33.5372600065083,33.02967204580947,0.2620844964963523,0.29310736905540336,0.0001,241
3,1.4306898414215823,1.4073211317072307,40.83957045232672,40.21343050494534,0.3254161340331221,0.35774203580983455,0.0001,241
4,1.3607363411785143,1.3397612401683276,44.28246013667426,43.77928162415409,0.3632514599364638,0.3917101747353706,0.0001,241
5,1.2986052123723648,1.3029152271587485,50.64757565896518,50.416449765747004,0.44843809758708353,0.47147616834568834,0.0001,241
