epoch,loss,test_accuracy_percent,batches
1,1.6609847149908294,28.682976961135864,241
2,1.5051241262325112,36.283186078071594,241
3,1.3925155386390529,46.564289927482605,241
4,1.301516968679626,52.81103849411011,241
5,1.2215356124387242,59.63039994239807,241
