class_name,precision,recall,f1,support
STANDING,0.7114197530864198,0.8689915174363808,0.7823504454815443,1061
SITTING,0.6018691588785047,0.339304531085353,0.4339622641509434,949
LYING,0.7221396731054978,0.7523219814241486,0.7369219105382866,646
FALLING,0.4118236472945892,0.6303680981595092,0.49818181818181817,652
WALKING,0.4411764705882353,0.2808988764044944,0.34324942791762014,534
