epoch,train_loss,val_loss,train_accuracy,val_accuracy,val_macro_f1,val_weighted_f1,learning_rate,batches
1,1.661973046496137,1.5773091360282798,28.93589326391149,28.682977615825088,0.23857463096122739,0.2663764803068783,0.0001,241
2,1.5054425875759652,1.4631067600677188,37.149365440937196,36.283185840707965,0.32852039466482463,0.3504103503388232,0.0001,241
3,1.3915748758188802,1.335272662407529,46.189391474129515,46.56428943258719,0.4150530603972338,0.4424437973148995,0.0001,241
4,1.2993952374251938,1.2546811831115374,53.73250894890986,52.81103591879229,0.47464886830911845,0.49588892963547804,0.0001,241
5,1.2217190253164338,1.1895586348399094,59.811259355678494,59.63040083289953,0.5589331732540426,0.5794027343845528,0.0001,241
